{"cameraMode":{"drawMode":0,"name":"Shaded","section":"Shading Mode"},"sceneLighting":false,"audioPlay":false,"sceneViewState":{"m_AlwaysRefresh":false,"showFog":true,"showSkybox":false,"showFlares":true,"showImageEffects":true,"showParticleSystems":true,"showVisualEffectGraphs":true,"m_FxEnabled":true},"in2DMode":false,"pivot":{"x":-13.187175750732422,"y":0.669465184211731,"z":-0.4373817443847656},"rotation":{"x":-0.17743386328220368,"y":0.1531309336423874,"z":-0.027945803478360177,"w":-0.9717584252357483},"size":3.6319804191589357,"orthographic":false}