{"cameraMode":{"drawMode":0,"name":"Shaded","section":"Shading Mode"},"sceneLighting":false,"audioPlay":false,"sceneViewState":{"m_AlwaysRefresh":false,"showFog":true,"showSkybox":false,"showFlares":true,"showImageEffects":true,"showParticleSystems":true,"showVisualEffectGraphs":true,"m_FxEnabled":true},"in2DMode":false,"pivot":{"x":-0.01718306355178356,"y":-0.41356128454208376,"z":0.00599198741838336},"rotation":{"x":0.1292102187871933,"y":-0.2292407602071762,"z":0.030708208680152894,"w":0.9642830491065979},"size":1.317556619644165,"orthographic":false}